{"loss": [2.6175436973571777, 1.2336567640304565, 0.8030087947845459, 0.6923522353172302, 0.5545572638511658, 0.4463621973991394, 0.3810444474220276, 0.31029120087623596, 0.306478887796402, 0.2546108365058899, 0.22696569561958313, 0.21042025089263916, 0.19692087173461914, 0.17969121038913727, 0.16720862686634064, 0.14768606424331665, 0.13616688549518585, 0.12734761834144592, 0.1255795955657959, 0.11300747096538544, 0.1136544793844223, 0.10821030288934708, 0.10571961104869843, 0.10033593326807022, 0.09358332306146622, 0.09001819789409637, 0.08967457711696625, 0.08014395833015442, 0.07677078992128372, 0.0770033672451973, 0.06920753419399261, 0.07526791840791702, 0.07203162461519241, 0.07888622581958771, 0.070571668446064, 0.06626833230257034, 0.06492725014686584, 0.06035427376627922, 0.06167527288198471, 0.06070167198777199, 0.0584990456700325, 0.055904749780893326, 0.05732913315296173, 0.05255020782351494, 0.05149024352431297, 0.04987170919775963, 0.048380158841609955, 0.04643551632761955, 0.048377085477113724, 0.046420663595199585, 0.04758313298225403, 0.04555986076593399, 0.04702277481555939, 0.045479245483875275, 0.043960265815258026, 0.04415158927440643, 0.04126405343413353, 0.04188632592558861, 0.04074244201183319, 0.04002135246992111, 0.040318284183740616, 0.037818823009729385, 0.03682980313897133, 0.037906449288129807, 0.03585434705018997, 0.03686027228832245, 0.036107830703258514, 0.03724965825676918, 0.03681283816695213, 0.03504663333296776, 0.03599681705236435, 0.03432781249284744, 0.03551410883665085, 0.035246819257736206, 0.03626357018947601, 0.03485075756907463, 0.03320373222231865, 0.03266602382063866, 0.034025683999061584, 0.03246460109949112, 0.03406769782304764, 0.03269653767347336, 0.03157762438058853, 0.030287178233265877, 0.03011365793645382, 0.029999835416674614, 0.02963755466043949, 0.03154664859175682, 0.030677184462547302, 0.02874686010181904, 0.034543249756097794, 0.030026793479919434, 0.029153434559702873, 0.02811678685247898, 0.02812294475734234, 0.02723635546863079, 0.027183523401618004, 0.02717575430870056, 0.025922866538167, 0.027952874079346657]}{"loss": [8.519838333129883, 3.6990089416503906, 2.0607452392578125, 1.7091701030731201, 1.4962149858474731, 1.3923835754394531, 1.27309250831604, 1.0606205463409424, 0.9418996572494507, 0.824184000492096, 0.6673071384429932, 0.553942084312439, 0.509689211845398, 0.46748659014701843, 0.4164501428604126, 0.43017345666885376, 0.3875335156917572, 0.35897716879844666, 0.3541952669620514, 0.30221566557884216, 0.2886331081390381, 0.2497514933347702, 0.23937414586544037, 0.1887805163860321, 0.18649692833423615, 0.16791419684886932, 0.14808045327663422, 0.12142039090394974, 0.13628889620304108, 0.11476729065179825, 0.10234761238098145, 0.10583716630935669, 0.09382951259613037, 0.1000577062368393, 0.08710067719221115, 0.08977305144071579, 0.08781079202890396, 0.0957103744149208, 0.06689336150884628, 0.0859949067234993]}{"loss": [5.266627311706543, 1.3673679828643799, 0.6001230478286743, 0.36817696690559387, 0.26299867033958435, 0.1848120093345642, 0.1354568898677826, 0.10326598584651947, 0.09777399152517319, 0.07978498935699463, 0.07451033592224121, 0.06942127645015717, 0.07679709792137146, 0.07485704123973846, 0.0637042447924614, 0.07052907347679138, 0.05819544568657875, 0.063221774995327, 0.05667942017316818, 0.06329083442687988, 0.06782280653715134, 0.055047936737537384, 0.05476856604218483, 0.06970479339361191, 0.05432966351509094, 0.06503748148679733, 0.05920376256108284, 0.06786744296550751, 0.0629441887140274, 0.06106230989098549, 0.0691230520606041, 0.06170956790447235, 0.04843549057841301, 0.07030266523361206, 0.052553895860910416, 0.05909999832510948, 0.057387880980968475, 0.058872271329164505, 0.0638263076543808, 0.054405082017183304]}